"date_time","temperature","humidity","pressure_hpa","soil_moisture"
"10/01/2025 00:00:00",30.5,65,,40
"10/01/2025 00:00:00",30.53,33333345454533,,40
"10/01/2025 00:00:00",30.53,33333345454533,,40
"10/01/2025 00:00:00",30.53,33333345454533,,40
"10/01/2025 00:00:00",30.53,33333345454533,,40
"10/01/2025 00:00:00",30.53,33333345454533,,40
"10/01/2025 00:00:00",30.53,33333345454533,,40
"10/01/2025 00:00:00",30.53,33333345454533,,40
"01/10/2025 17:00:00",30.534234234,33333333,,40
"01/10/2025 17:00:00",30.534234234,65555,,40
"01/10/2025 17:00:00",30.534234234,65,,40
"01/10/2025 17:00:00",30.534234234,65,,40
"01/10/2025 17:00:00",30.534234234,65,,40
"01/10/2025 17:00:00",30.534234234,65,,40
"01/10/2025 17:00:00",30.534234234,65,,40
"01/10/2025 17:00:00",30.5,65,,40
"01/10/2025 17:00:00",30.5,65,,40
"01/10/2025 17:00:00",30.5,65,,40
"11/11/2025 00:00:00",27.97,70.87,,70.95
"11/11/2025 00:00:00",27.99,70.99,,71.05
"11/11/2025 00:00:00",27.96,70.9,,73.45
"11/11/2025 00:00:00",27.95,71.12,,69.4
"11/11/2025 00:00:00",27.94,71.41,,54.35
"11/11/2025 00:00:00",27.95,71.35,,54
"11/11/2025 00:00:00",27.95,70.99,,53.75
"11/11/2025 16:18:31",27.97,70.87,,70.95
"11/11/2025 16:19:01",27.97,70.91,,72.15
"11/11/2025 16:19:31",27.98,70.89,1011.51,71.5
"11/11/2025 16:19:31",27.98,70.89,,71.5
"11/11/2025 16:20:01",27.98,71.11,1011.5,74.05
"11/11/2025 16:20:31",27.97,70.95,1011.5,71.15
"11/11/2025 16:21:01",27.97,70.85,1011.53,73.25
"11/11/2025 16:21:31",27.98,70.99,1011.53,71.65
"11/11/2025 16:22:01",27.97,70.85,1011.55,71.5
"11/11/2025 16:22:31",27.98,70.83,1011.58,71.65
"11/11/2025 16:23:01",27.95,70.74,1011.56,70.95
"11/11/2025 16:23:31",27.95,71.11,1011.54,71.95
"11/11/2025 16:24:01",27.96,71.02,1011.55,69.15
"11/11/2025 16:24:31",27.96,70.86,1011.58,71.95
"11/11/2025 16:25:01",27.95,70.81,1011.58,71.95
"11/11/2025 16:25:31",27.95,70.84,1011.56,71.1
"11/11/2025 16:26:01",27.94,71.02,1011.57,71.25
"11/11/2025 16:26:31",27.95,70.92,1011.56,71.15
"11/11/2025 16:27:01",27.94,70.85,1011.56,71.95
"11/11/2025 16:27:31",27.94,70.9,1011.58,70.1
"11/11/2025 16:28:01",27.93,70.79,1011.58,70.75
"11/11/2025 16:28:31",27.95,71.94,1011.56,70.65
"11/11/2025 16:29:01",27.94,70.97,1011.57,73.25
"11/11/2025 16:29:31",27.92,70.89,1011.59,70.9
"11/11/2025 16:30:01",27.92,70.89,1011.59,70.5
"11/11/2025 16:30:31",27.9,70.96,1011.61,70.25
"11/11/2025 16:31:01",27.9,70.99,1011.6,70.75
"11/11/2025 16:31:31",27.93,71.15,1011.58,70.5
"11/11/2025 16:32:01",27.93,71.09,1011.64,69.05
"11/11/2025 16:32:31",27.92,70.92,1011.65,69.35
"11/11/2025 16:33:01",27.93,70.96,1011.67,69.7
"11/11/2025 16:33:31",27.93,71.02,1011.65,69.1
"11/11/2025 16:34:01",27.91,70.9,1011.65,69.7
"11/11/2025 16:34:31",27.93,71.2,1011.66,69.2
"11/11/2025 16:35:01",27.9,70.95,1011.68,70.25
"11/11/2025 16:35:31",27.92,70.98,1011.65,68.1
"11/11/2025 16:36:01",27.93,70.93,1011.65,69.6
"11/11/2025 16:36:31",27.93,71.24,1011.7,70.1
"11/11/2025 16:36:31",27.93,71.24,1011.7,70.1
"11/11/2025 16:37:01",27.9,70.99,1011.68,70.7
"11/11/2025 16:37:31",27.89,71.09,1011.7,69.3
"11/11/2025 16:37:31",27.89,71.09,1011.7,69.3
"11/11/2025 16:38:01",27.88,71.11,1011.73,69.05
"11/11/2025 16:38:31",27.9,71.03,1011.71,70.75
"11/11/2025 16:39:01",27.9,71.05,1011.7,69.2
"11/11/2025 16:39:31",27.92,71.08,1011.71,69.15
"11/11/2025 16:40:01",27.91,71.23,1011.73,67.8
"11/11/2025 16:40:31",27.92,71.05,1011.72,69.65
"11/11/2025 16:41:01",27.93,71.5,1011.75,68.8
"11/11/2025 16:41:31",27.91,70.96,1011.73,66.85
"11/11/2025 16:45:01",27.91,70.96,1011.77,67.45
"11/11/2025 16:45:31",27.9,70.95,1011.77,67.95
"11/11/2025 16:45:31",27.9,70.95,1011.77,67.95
"11/11/2025 16:45:31",27.9,70.95,1011.77,67.95
"11/11/2025 16:45:31",27.9,70.95,1011.77,67.95
"11/11/2025 16:46:01",27.91,71.04,1011.8,67.05
"11/11/2025 16:46:31",27.92,70.98,1011.78,67.15
"11/11/2025 16:47:30",27.92,71.02,1011.82,65.05
"11/11/2025 16:48:00",27.91,71,1011.8,66.65
"11/11/2025 16:48:30",27.91,70.96,1011.8,68.65
"11/11/2025 16:49:00",27.91,71.01,1011.79,68.05
"11/11/2025 16:49:30",27.9,71.03,1011.83,66.45
"11/11/2025 16:50:00",27.9,71.04,1011.87,61.95
"11/11/2025 16:50:30",27.91,71.1,1011.84,66.85
"11/11/2025 16:51:00",27.92,71.15,1011.82,66.55
"11/11/2025 16:51:58",27.9,71.02,1011.85,64.55
"11/11/2025 16:52:28",27.94,72.16,1011.85,60.9
"11/11/2025 16:52:58",27.98,71.27,1011.88,44.7
"11/11/2025 16:53:28",27.96,71.07,1011.88,43.6
"11/11/2025 16:53:58",27.99,71.78,1011.87,44.05
"11/11/2025 16:54:28",27.98,71.09,1011.91,43.4
"11/11/2025 16:54:58",27.98,71.04,1011.91,44.35
"11/11/2025 16:55:28",27.97,70.89,1011.91,44.25
"11/11/2025 16:55:58",27.96,71,1011.92,45.05
"11/11/2025 16:56:28",27.98,71.32,1011.92,45.05
"11/11/2025 16:56:58",27.98,70.83,1011.95,42.75
"11/11/2025 16:57:28",27.99,70.94,1011.93,42.95
"11/11/2025 16:58:31",27.98,70.95,1011.95,43.55
"11/11/2025 16:59:01",28.01,70.89,1011.98,43.65
"11/11/2025 16:59:31",28,70.85,1011.98,43.8
"11/11/2025 17:00:01",27.97,70.9,1011.97,42.35
"11/11/2025 17:00:31",27.97,70.85,1011.98,44.6
"11/11/2025 17:01:01",27.99,70.9,1012.01,43.55
"11/11/2025 17:02:01",27.97,70.92,1012.03,38.55
"11/11/2025 17:02:31",27.99,70.83,1012.07,43
"11/11/2025 17:03:01",27.99,71.15,1012.05,42.5
"11/11/2025 17:03:31",28.01,71.81,1012.08,43.7
"11/11/2025 17:04:01",28.04,71.18,1012.07,43.15
"11/11/2025 17:04:31",28.05,71.05,1012.1,42.8
"11/11/2025 17:05:01",28.06,71.29,1012.08,42.6
"11/11/2025 17:05:31",28.04,70.69,1012.07,43
"11/11/2025 17:06:01",28.05,70.72,1012.08,0
"11/11/2025 17:06:31",28.05,70.94,1012.1,73.25
"11/11/2025 17:07:01",28.06,70.76,1012.07,33.5
"11/11/2025 17:07:31",28.07,70.74,1012.08,30.8
"11/11/2025 17:08:01",28.07,70.68,1012.08,31.55
"11/11/2025 17:08:31",28.08,70.73,1012.08,30.2
"11/11/2025 17:09:01",28.08,70.71,1012.09,29.25
"11/11/2025 17:09:31",28.07,70.96,1012.09,24.3
"11/11/2025 17:10:01",28.05,70.65,1012.07,24.4
"11/11/2025 17:10:31",28.05,70.82,1012.04,29.4
"11/11/2025 17:11:01",28.07,70.87,1012.05,26.7
"11/11/2025 17:11:31",28.07,71.28,1012.06,13.2
"11/11/2025 17:12:01",28.08,70.96,1012.05,8.85
"11/11/2025 17:12:31",28.03,70.7,1012.02,4.4
"11/11/2025 17:13:01",28.03,70.78,1012.01,0
"11/11/2025 17:13:31",28.05,71.29,1012.04,0
"11/11/2025 17:14:01",28.02,70.84,1012.03,0
"11/11/2025 17:14:31",28.01,70.93,1012.01,0
"11/11/2025 17:15:01",28.01,70.9,1012.04,14.8
"11/11/2025 17:15:31",28.01,70.9,1012.04,2.05
"11/11/2025 17:16:01",28.01,71,1012.04,0
"11/11/2025 17:16:31",28.02,70.96,1012.07,0
"11/11/2025 17:17:01",28.03,70.98,1012.06,0
"11/11/2025 17:17:31",28,70.9,1012.06,0.35
"11/11/2025 17:18:01",27.98,70.9,1012.05,0.25
"11/11/2025 17:18:31",27.96,70.98,1012.08,0.4
"11/11/2025 17:19:01",27.98,71.09,1012.08,0
"11/11/2025 17:19:31",27.98,71.19,1012.09,0
"11/11/2025 17:20:01",27.98,71.03,1012.11,0
"11/11/2025 17:20:31",27.95,71.04,1012.09,0
"11/11/2025 17:21:01",27.95,71.08,1012.1,0
"11/11/2025 17:21:31",27.95,71.08,1012.1,0
"11/11/2025 17:22:01",27.95,71.79,1012.11,0
"11/11/2025 17:22:31",27.97,71.2,1012.12,0
"11/11/2025 17:23:01",27.96,71.06,1012.13,0
"11/11/2025 17:23:31",27.95,71.06,1012.13,0
"11/11/2025 17:24:01",27.95,71.13,1012.15,0
"11/11/2025 17:24:31",27.99,71.04,1012.16,0
"11/11/2025 17:25:01",27.99,71.08,1012.17,0
"11/11/2025 17:25:31",27.96,71.12,1012.14,0
"11/11/2025 17:26:01",27.96,71.1,1012.17,0
"11/11/2025 17:26:31",27.93,71.14,1012.2,0
"11/11/2025 17:27:01",27.91,71.16,1012.19,0
"11/11/2025 17:27:31",27.92,71.21,1012.2,0
"11/11/2025 17:28:01",27.93,71.2,1012.24,12.9
"11/11/2025 17:28:31",27.95,71.59,1012.21,0
"11/11/2025 17:29:01",27.98,71.44,1012.23,0
"11/11/2025 17:29:31",27.99,71.12,1012.26,8.4
"11/11/2025 17:30:01",27.95,71.13,1012.22,0
"11/11/2025 17:30:31",28,71.4,1012.2,0
"11/11/2025 17:31:01",28,71.07,1012.19,0
"11/11/2025 17:31:31",28,70.99,1012.19,0
"11/11/2025 17:32:01",28,71.36,1012.2,0
"11/11/2025 17:32:31",27.99,71.32,1012.24,0
"11/11/2025 17:33:01",27.98,71.13,1012.21,0
"11/11/2025 17:33:31",27.99,71.08,1012.23,0
"11/11/2025 17:34:01",27.97,71.17,1012.24,34
"11/11/2025 17:34:31",27.96,71.14,1012.24,0
"11/11/2025 17:35:01",27.98,71.16,1012.22,0
"11/11/2025 17:35:31",27.96,71.13,1012.27,0
"11/11/2025 17:36:01",27.97,71.1,1012.28,0
"11/11/2025 17:36:31",27.95,71.17,1012.27,0
"11/11/2025 17:37:01",27.97,71.21,1012.26,0
"11/11/2025 17:37:31",27.99,71.39,1012.29,0
"11/11/2025 17:38:01",28,71.62,1012.28,0
"11/11/2025 17:38:31",28,71.9,1012.31,0
"11/11/2025 17:39:01",28.01,71.39,1012.32,0
"11/11/2025 17:39:31",28.02,71.19,1012.33,0
"11/11/2025 17:40:01",28,71.11,1012.34,0
"11/11/2025 17:40:31",27.98,71.16,1012.33,0
"11/11/2025 17:41:01",27.99,71.59,1012.34,0
"11/11/2025 17:41:31",27.98,71.2,1012.34,0
"11/11/2025 17:42:01",27.95,71.15,1012.31,0
"11/11/2025 17:42:31",27.96,71.16,1012.31,0
"11/11/2025 17:43:01",27.99,71.25,1012.33,0
"11/11/2025 17:43:31",28,71.17,1012.32,0
"11/11/2025 17:44:01",27.99,71.17,1012.32,0
"11/11/2025 17:44:31",27.98,71.16,1012.32,0
"11/11/2025 17:45:57",28,71.16,1012.34,0
"11/11/2025 17:45:57",28,71.16,1012.34,0
"11/11/2025 17:46:27",28.01,71.43,1012.33,0
"11/11/2025 17:46:57",28.03,71.35,1012.3,0
"11/11/2025 17:47:27",28.02,71.57,1012.33,0
"11/11/2025 17:47:57",28.01,71.13,1012.32,0
"11/11/2025 17:48:27",28.03,71.07,1012.35,0
"11/11/2025 17:48:57",28.04,71.06,1012.36,0
"11/11/2025 17:49:27",28.05,71.05,1012.37,0
"11/11/2025 17:49:57",28.05,70.98,1012.36,0
"11/11/2025 17:50:27",28.05,71.02,1012.41,0
"11/11/2025 17:50:57",28.05,70.97,1012.43,0
"11/11/2025 17:51:27",28.06,70.97,1012.44,0
"11/11/2025 17:51:57",28.03,71.08,1012.44,0
"11/11/2025 17:52:27",28.03,71.11,1012.45,0
"11/11/2025 17:52:57",28.01,71.19,1012.41,0
"11/11/2025 17:53:27",28.01,71.11,1012.45,0
"11/11/2025 17:53:57",28.01,71.2,1012.46,0
"11/11/2025 17:54:27",28,71.11,1012.46,0
"11/11/2025 17:54:57",28,71.21,1012.45,0
"11/11/2025 17:55:27",27.99,71.18,1012.42,0
"11/11/2025 17:55:57",28.01,71.38,1012.45,0
"11/11/2025 17:56:27",27.99,71.22,1012.44,0
"11/11/2025 17:56:57",28,71.26,1012.44,0
"11/11/2025 17:57:27",28,71.29,1012.45,0
"11/11/2025 17:57:57",28.01,71.44,1012.43,0
"11/11/2025 17:58:27",28,71.17,1012.45,0
"11/11/2025 17:58:57",28.02,71.82,1012.42,0
"11/11/2025 17:59:27",28,71.2,1012.44,0
"11/11/2025 17:59:57",28,71.37,1012.48,0
"11/11/2025 18:00:27",28,71.17,1012.47,0
"11/11/2025 18:00:57",28.01,71.23,1012.47,0
"11/11/2025 18:01:27",28.03,71.49,1012.49,0
"11/11/2025 18:01:57",28.03,71.8,1012.51,18.55
"11/11/2025 18:02:27",28.03,71.33,1012.54,0
"11/11/2025 18:02:57",28.04,71.28,1012.54,0
"11/11/2025 18:03:27",28.02,71.12,1012.5,0
"11/11/2025 18:03:57",28,71.1,1012.56,0
"11/11/2025 18:04:27",28,71.14,1012.54,0
"11/11/2025 18:04:57",27.99,71.17,1012.54,0
"11/11/2025 18:05:27",27.99,71.31,1012.55,0
"11/11/2025 18:06:32",28.02,71.23,1012.55,62.7
"11/11/2025 18:07:02",28.01,71,1012.54,55.7
"11/11/2025 18:07:32",27.99,71.09,1012.54,54.55
"11/11/2025 18:08:02",27.98,71.11,1012.58,52.5
"11/11/2025 18:08:32",27.97,71.11,1012.56,53.2
"11/11/2025 18:09:02",27.95,71.2,1012.56,54.25
"11/11/2025 18:09:32",27.95,71.14,1012.53,53.2
"11/11/2025 18:10:02",27.94,71.17,1012.52,54.75
"11/11/2025 18:10:32",27.94,71.28,1012.51,55
"11/11/2025 18:11:02",27.94,71.32,1012.5,56.05
"11/11/2025 18:11:32",27.94,71.31,1012.52,56.6
"11/11/2025 18:12:02",27.94,71.32,1012.51,57.3
"11/11/2025 18:12:32",27.93,71.36,1012.51,56.65
"11/11/2025 18:12:32",27.93,71.36,1012.51,56.65
"11/11/2025 18:12:32",27.93,71.36,1012.51,56.65
"11/11/2025 18:12:32",27.93,71.36,1012.51,56.65
"11/11/2025 18:13:02",27.93,71.35,1012.52,56.4
"11/11/2025 18:13:02",27.93,71.35,1012.52,56.4
"11/11/2025 18:13:02",27.93,71.35,1012.52,56.4
"11/11/2025 18:13:02",27.93,71.35,1012.52,56.4
"11/11/2025 18:13:32",27.94,71.5,1012.51,56.35
"11/11/2025 18:14:32",27.96,71.26,1012.54,73.25
"11/11/2025 18:14:32",27.96,71.26,1012.54,73.25
"11/11/2025 18:14:32",27.96,71.26,1012.54,73.25
"11/11/2025 18:15:02",27.94,71.3,1012.54,73.3
"11/11/2025 18:15:02",27.94,71.3,1012.54,73.3
"11/11/2025 18:15:32",27.94,71.27,1012.53,73.25
"11/11/2025 18:15:32",27.94,71.27,1012.53,73.25
"11/11/2025 18:15:32",27.94,71.27,1012.53,73.25
"11/11/2025 18:15:32",27.94,71.27,1012.53,73.25
"11/11/2025 18:16:02",27.94,71.3,1012.53,73.25
"11/11/2025 18:16:02",27.94,71.3,1012.53,73.25
"11/11/2025 18:16:32",27.95,71.42,1012.54,8.6
"11/11/2025 18:16:32",27.95,71.42,1012.54,8.6
"11/11/2025 18:17:02",27.94,71.31,1012.54,0
"11/11/2025 18:17:02",27.94,71.31,1012.54,0
"11/11/2025 18:17:02",27.94,71.31,1012.54,0
"11/11/2025 18:17:32",27.93,71.3,1012.55,1.65
"11/11/2025 18:17:32",27.93,71.3,1012.55,1.65
"11/11/2025 18:17:32",27.93,71.3,1012.55,1.65
"11/11/2025 18:17:32",27.93,71.3,1012.55,1.65
"11/11/2025 18:18:02",27.94,71.35,1012.56,1.9
"11/11/2025 18:18:32",27.93,71.3,1012.58,2
"11/11/2025 18:18:32",27.93,71.3,1012.58,2
"11/11/2025 18:18:32",27.93,71.3,1012.58,2
"11/11/2025 18:19:02",27.93,71.42,1012.59,1.05
"11/11/2025 18:19:02",27.93,71.42,1012.59,1.05
"11/11/2025 18:19:02",27.93,71.42,1012.59,1.05
"11/11/2025 18:19:02",27.93,71.42,1012.59,1.05
"11/11/2025 18:19:02",27.93,71.42,1012.59,1.05
"11/11/2025 18:19:32",27.92,71.35,1012.57,0.5
"11/11/2025 18:19:32",27.92,71.35,1012.57,0.5
"11/11/2025 18:19:32",27.92,71.35,1012.57,0.5
"11/11/2025 18:20:02",27.91,71.32,1012.56,0.2
"11/11/2025 18:20:02",27.91,71.32,1012.56,0.2
"11/11/2025 18:20:02",27.91,71.32,1012.56,0.2
"11/11/2025 18:20:02",27.91,71.32,1012.56,0.2
"11/11/2025 18:20:32",27.91,71.41,1012.6,0.4
"11/11/2025 18:21:02",27.9,71.42,1012.57,0
"11/11/2025 18:21:32",27.88,71.44,1012.58,0
"11/11/2025 18:22:02",27.89,71.44,1012.59,0
"11/11/2025 18:22:02",27.89,71.44,1012.59,0
"11/11/2025 18:22:32",27.89,71.43,1012.62,0
"11/11/2025 18:22:32",27.89,71.43,1012.62,0
"11/11/2025 18:22:32",27.89,71.43,1012.62,0
"11/11/2025 18:23:02",27.88,71.52,1012.59,1.35
"11/11/2025 18:23:02",27.88,71.52,1012.59,1.35
"11/11/2025 18:23:32",27.88,71.48,1012.6,1.1
"11/11/2025 18:24:02",27.87,71.49,1012.6,1.4
"11/11/2025 18:24:32",27.87,71.49,1012.6,2.15
"11/11/2025 18:25:02",27.88,71.49,1012.6,2
"11/11/2025 18:25:32",27.88,71.57,1012.62,1.55
"11/11/2025 18:26:02",27.87,71.53,1012.67,1.95
"11/11/2025 18:27:32",27.86,71.51,1012.63,1.35
"11/11/2025 18:28:02",27.86,71.59,1012.67,1.15
"11/11/2025 18:28:02",27.86,71.59,1012.67,1.15
"11/11/2025 18:28:32",27.85,71.59,1012.65,1.35
"11/11/2025 18:29:02",27.85,71.62,1012.65,0.95
"11/11/2025 18:29:02",27.85,71.62,1012.65,0.95
"11/11/2025 18:29:02",27.85,71.62,1012.65,0.95
"11/11/2025 18:29:02",27.85,71.62,1012.65,0.95
"11/11/2025 18:29:32",27.85,71.62,1012.69,1.25
"11/11/2025 18:29:32",27.85,71.62,1012.69,1.25
"11/11/2025 18:29:32",27.85,71.62,1012.69,1.25
"11/11/2025 18:29:32",27.85,71.62,1012.69,1.25
"11/11/2025 18:29:32",27.85,71.62,1012.69,1.25
"11/11/2025 18:30:02",27.84,71.56,1012.66,0.5
"11/11/2025 18:30:02",27.84,71.56,1012.66,0.5
"11/11/2025 18:30:02",27.84,71.56,1012.66,0.5
"11/11/2025 18:30:02",27.84,71.56,1012.66,0.5
"11/11/2025 18:30:02",27.84,71.56,1012.66,0.5
"11/11/2025 18:30:32",27.83,71.63,1012.7,0.6
"11/11/2025 18:30:32",27.83,71.63,1012.7,0.6
"11/11/2025 18:30:32",27.83,71.63,1012.7,0.6
"11/11/2025 18:30:32",27.83,71.63,1012.7,0.6
"11/11/2025 18:31:02",27.83,71.66,1012.68,0.7
"11/11/2025 18:31:02",27.83,71.66,1012.68,0.7
"11/11/2025 18:31:02",27.83,71.66,1012.68,0.7
"11/11/2025 18:31:32",27.84,71.67,1012.7,0.95
"11/11/2025 18:31:32",27.84,71.67,1012.7,0.95
"11/11/2025 18:31:32",27.84,71.67,1012.7,0.95
"11/11/2025 18:31:32",27.84,71.67,1012.7,0.95
"11/11/2025 18:31:32",27.84,71.67,1012.7,0.95
"11/11/2025 18:31:32",27.84,71.67,1012.7,0.95
"11/11/2025 18:32:02",27.82,71.64,1012.68,0.35
"11/11/2025 18:32:02",27.82,71.64,1012.68,0.35
"11/11/2025 18:32:32",27.82,71.62,1012.7,1.65
"11/11/2025 18:32:32",27.82,71.62,1012.7,1.65
"11/11/2025 18:32:32",27.82,71.62,1012.7,1.65
"11/11/2025 18:33:02",27.82,71.65,1012.67,0.4
"11/11/2025 18:33:02",27.82,71.65,1012.67,0.4
"11/11/2025 18:33:02",27.82,71.65,1012.67,0.4
"11/11/2025 18:33:02",27.82,71.65,1012.67,0.4
"11/11/2025 18:33:02",27.82,71.65,1012.67,0.4
"11/11/2025 18:33:32",27.82,71.64,1012.64,0
"11/11/2025 18:33:32",27.82,71.64,1012.64,0
"11/11/2025 18:33:32",27.82,71.64,1012.64,0
"11/11/2025 18:33:32",27.82,71.64,1012.64,0
"11/11/2025 18:33:32",27.82,71.64,1012.64,0
"11/11/2025 18:34:02",27.81,71.64,1012.66,0
"11/11/2025 18:42:32",27.77,71.85,1012.89,0
"11/11/2025 18:42:32",27.77,71.85,1012.89,0
"11/11/2025 18:43:02",27.78,71.92,1012.88,0
"11/11/2025 18:43:32",27.77,71.98,1012.91,0
"11/11/2025 18:44:02",27.77,71.9,1012.9,0
"11/11/2025 18:44:32",27.77,71.82,1012.9,0
"11/11/2025 18:44:32",27.77,71.82,1012.9,0
"11/11/2025 18:45:02",27.77,71.9,1012.92,0
"11/11/2025 18:45:32",27.77,71.9,1012.93,0
"11/11/2025 18:46:02",27.77,71.99,1012.97,0
"11/11/2025 18:46:32",27.77,71.9,1012.98,0
"11/11/2025 18:47:02",27.76,71.89,1012.97,0
"11/11/2025 18:47:32",27.76,71.95,1012.97,0
"11/11/2025 18:48:02",27.76,71.96,1013,0
"11/11/2025 18:48:32",27.75,71.9,1012.98,0
"11/11/2025 18:49:02",27.75,71.94,1012.98,0
"11/11/2025 18:49:32",27.75,71.96,1012.98,0
"11/11/2025 18:50:02",27.75,72.02,1013.02,0
"11/11/2025 18:50:32",27.75,72.01,1012.99,0
"11/11/2025 18:51:02",27.75,72.01,1013.01,0
"11/11/2025 18:51:32",27.75,72.05,1013.01,0
"11/11/2025 18:52:02",27.76,72.06,1013.04,0
"11/11/2025 18:52:32",27.76,72.05,1013.02,0
"11/11/2025 18:53:02",27.76,72.06,1013.01,0
"11/11/2025 18:53:32",27.75,72.09,1013.01,0
"11/11/2025 18:54:02",27.74,72.07,1013,0
"11/11/2025 18:54:32",27.74,72.09,1013.01,0
"11/11/2025 18:55:02",27.74,72.07,1012.97,0
"11/11/2025 18:55:32",27.74,72.04,1013.01,0
"11/11/2025 18:56:02",27.74,72.08,1013.05,0
"11/11/2025 18:56:32",27.73,72.09,1013.03,0
"11/11/2025 18:57:02",27.74,72.06,1013.03,0
"11/11/2025 18:57:32",27.74,72.08,1013.05,0
"11/11/2025 18:58:02",27.74,72.15,1013.05,0
"11/11/2025 18:58:32",27.74,72.11,1013.09,0
"11/11/2025 18:59:02",27.74,72.08,1013.11,0
"11/11/2025 18:59:33",27.74,72.04,1013.11,0
"11/11/2025 19:00:03",27.74,72.08,1013.11,0
"11/11/2025 19:00:33",27.73,72.09,1013.09,0
"11/11/2025 19:01:03",27.72,72.11,1013.11,0
"11/11/2025 19:01:33",27.72,72.13,1013.12,0
"11/11/2025 19:02:03",27.73,72.04,1013.13,0
"11/11/2025 19:02:33",27.73,72.17,1013.14,0
"11/11/2025 19:03:03",27.72,72.13,1013.14,0
"11/11/2025 19:03:33",27.72,72.11,1013.13,0
"11/11/2025 19:04:03",27.73,72.14,1013.16,0
"11/11/2025 19:04:33",27.73,72.15,1013.16,0
"11/11/2025 19:05:03",27.73,72.15,1013.16,0
"11/11/2025 19:05:33",27.72,72.13,1013.15,0
"11/11/2025 19:06:03",27.73,72.17,1013.19,0
"11/11/2025 19:06:33",27.72,72.16,1013.18,0
"11/11/2025 19:07:03",27.72,72.16,1013.19,0
"11/11/2025 19:07:33",27.71,72.12,1013.21,0
"11/11/2025 19:08:03",27.71,72.08,1013.25,0
"11/11/2025 19:08:33",27.71,72.19,1013.23,0
"11/11/2025 19:09:03",27.71,72.16,1013.24,0
"11/11/2025 19:09:33",27.71,72.2,1013.23,0
"11/11/2025 19:10:03",27.71,72.23,1013.24,0
"11/11/2025 19:10:33",27.71,72.23,1013.22,0
"11/11/2025 19:11:03",27.71,72.19,1013.24,0
"11/11/2025 19:11:33",27.7,72.25,1013.23,0
"11/11/2025 19:12:03",27.71,72.22,1013.26,0
"11/11/2025 19:12:33",27.71,72.18,1013.27,0
"11/11/2025 19:13:03",27.72,72.19,1013.25,0
"11/11/2025 19:13:33",27.71,72.19,1013.26,0
"11/11/2025 19:14:03",27.72,72.18,1013.29,0
"11/11/2025 19:14:33",27.73,72.29,1013.3,0
"11/11/2025 19:15:03",27.72,72.21,1013.29,0
"11/11/2025 19:15:33",27.72,72.2,1013.29,0
"11/11/2025 19:16:03",27.72,72.2,1013.29,0
"11/11/2025 19:16:33",27.73,72.27,1013.29,0
"11/11/2025 19:17:03",27.72,72.18,1013.28,0
"11/11/2025 19:17:33",27.73,72.18,1013.31,0
"11/11/2025 19:18:03",27.72,72.25,1013.3,0
"11/11/2025 19:18:33",27.73,72.29,1013.34,0
"11/11/2025 19:19:03",27.73,72.22,1013.31,0
"11/11/2025 19:19:33",27.72,72.25,1013.36,0
"11/11/2025 19:20:03",27.71,72.34,1013.34,0
"11/11/2025 19:20:33",27.71,72.33,1013.36,0
"11/11/2025 19:21:03",27.7,72.3,1013.34,0
"11/11/2025 19:21:33",27.7,72.3,1013.37,0
"11/11/2025 19:22:03",27.7,72.35,1013.39,0
"11/11/2025 19:22:33",27.7,72.3,1013.38,0
"11/11/2025 19:23:03",27.7,72.33,1013.39,0
"11/11/2025 19:23:33",27.7,72.35,1013.42,0
"11/11/2025 19:24:03",27.7,72.36,1013.41,0
"11/11/2025 19:24:33",27.7,72.31,1013.41,0
"11/11/2025 19:25:03",27.7,72.33,1013.43,0
"11/11/2025 19:25:33",27.7,72.34,1013.43,0
"11/11/2025 19:26:03",27.7,72.4,1013.45,0
"11/11/2025 19:26:33",27.7,72.35,1013.43,0
"11/11/2025 19:27:03",27.7,72.34,1013.45,0
"11/11/2025 19:27:33",27.69,72.31,1013.43,0
"11/11/2025 19:28:03",27.69,72.3,1013.42,0
"11/11/2025 19:28:33",27.69,72.33,1013.43,0
"11/11/2025 19:29:03",27.69,72.34,1013.41,0
"11/11/2025 19:29:33",27.69,72.33,1013.42,0
"11/11/2025 19:30:03",27.69,72.33,1013.42,0
"11/11/2025 19:30:33",27.69,72.38,1013.41,0
"11/11/2025 19:31:03",27.67,72.36,1013.44,0
"11/11/2025 19:31:33",27.67,72.37,1013.45,0
"11/11/2025 19:32:03",27.67,72.38,1013.45,0
"11/11/2025 19:32:33",27.67,72.38,1013.46,0
"11/11/2025 19:33:03",27.67,72.39,1013.44,0
"11/11/2025 19:33:33",27.67,72.43,1013.43,0
"11/11/2025 19:34:03",27.67,72.47,1013.42,0
"11/11/2025 19:34:33",27.67,72.38,1013.48,0
"11/11/2025 19:35:03",27.67,72.38,1013.43,0
"11/11/2025 19:35:33",27.67,72.38,1013.46,0
"11/11/2025 19:36:03",27.67,72.39,1013.45,0
"11/11/2025 19:36:33",27.67,72.41,1013.47,0
"11/11/2025 19:37:03",27.66,72.43,1013.52,0
"11/11/2025 19:37:33",27.65,72.46,1013.51,0
"11/11/2025 19:38:03",27.65,72.47,1013.5,0
"11/11/2025 19:38:33",27.65,72.5,1013.5,0
"11/11/2025 19:39:03",27.65,72.49,1013.47,0
"11/11/2025 19:39:33",27.65,72.53,1013.54,0
"11/11/2025 19:40:03",27.65,72.55,1013.53,0
"11/11/2025 19:40:33",27.64,72.56,1013.53,0
"11/11/2025 19:41:03",27.64,72.54,1013.53,0
"11/11/2025 19:41:33",27.64,72.61,1013.56,0
"11/11/2025 19:42:03",27.65,72.58,1013.55,0
"11/11/2025 19:42:33",27.66,72.58,1013.58,0
"11/11/2025 19:43:03",27.64,72.59,1013.56,0
"11/11/2025 19:43:33",27.64,72.63,1013.57,0
"11/11/2025 19:44:03",27.64,72.62,1013.58,0
"11/11/2025 19:44:33",27.65,72.64,1013.58,0
"11/11/2025 19:45:03",27.64,72.69,1013.56,0
"11/11/2025 19:45:33",27.65,72.72,1013.6,0
"11/11/2025 19:46:03",27.64,72.71,1013.61,0
"11/11/2025 19:46:33",27.64,72.73,1013.6,0
"11/11/2025 19:47:03",27.64,72.78,1013.59,0
"11/11/2025 19:47:33",27.65,72.77,1013.61,0
"11/11/2025 19:48:03",27.64,72.77,1013.63,0
"11/11/2025 19:48:33",27.64,72.75,1013.64,0
"11/11/2025 19:49:03",27.64,72.77,1013.63,0
"11/11/2025 19:49:33",27.64,72.79,1013.62,0
"11/11/2025 19:50:03",27.64,72.79,1013.65,0
"11/11/2025 19:50:33",27.65,72.79,1013.64,0
"11/11/2025 19:51:03",27.64,72.73,1013.65,0
"11/11/2025 19:51:33",27.65,72.78,1013.64,0
"11/11/2025 19:52:03",27.65,72.75,1013.67,0
"11/11/2025 19:52:33",27.64,72.83,1013.64,0
"11/11/2025 19:53:03",27.65,72.76,1013.67,0
"11/11/2025 19:53:33",27.65,72.75,1013.66,0
"11/11/2025 19:54:03",27.65,72.79,1013.65,0
"11/11/2025 19:54:33",27.65,72.79,1013.69,0
"11/11/2025 19:55:03",27.66,72.78,1013.68,0
"11/11/2025 19:55:33",27.65,72.71,1013.68,0
"11/11/2025 19:56:03",27.65,72.75,1013.65,0
"11/11/2025 19:56:33",27.64,72.75,1013.7,0
"11/11/2025 19:57:03",27.65,72.71,1013.7,0
"11/11/2025 19:57:33",27.64,72.73,1013.71,0
"11/11/2025 19:58:03",27.64,72.7,1013.73,0
"11/11/2025 19:58:33",27.64,72.78,1013.7,0
"11/11/2025 19:59:03",27.65,72.72,1013.69,0
"11/11/2025 19:59:33",27.64,72.77,1013.71,0
"11/11/2025 20:00:03",27.64,72.76,1013.74,0
"11/11/2025 20:00:33",27.64,72.72,1013.71,0
"11/11/2025 20:01:03",27.64,72.76,1013.7,0
"11/11/2025 20:01:33",27.64,72.71,1013.71,0
"11/11/2025 20:02:03",27.64,72.69,1013.73,0
"11/11/2025 20:02:33",27.64,72.7,1013.76,0
"11/11/2025 20:03:03",27.64,72.71,1013.75,0
"11/11/2025 20:03:33",27.64,72.76,1013.71,0
"11/11/2025 20:04:03",27.65,72.7,1013.76,0
"11/11/2025 20:04:33",27.63,72.7,1013.76,0
"11/11/2025 20:05:03",27.64,72.71,1013.79,42.3
"11/11/2025 20:05:33",27.65,72.76,1013.8,41.4
"11/11/2025 20:06:03",27.66,72.69,1013.83,41.05
"11/11/2025 20:06:33",27.67,72.53,1013.82,40.5
"11/11/2025 20:07:03",27.66,72.71,1013.83,39.95
"11/11/2025 20:07:33",27.66,72.74,1013.82,40.3
"11/11/2025 20:08:03",27.66,72.67,1013.83,40.05
"11/11/2025 20:08:33",27.67,72.76,1013.84,39.9
"11/11/2025 20:09:03",27.67,72.68,1013.87,39.8
"11/11/2025 20:09:33",27.67,72.61,1013.9,39.95
"11/11/2025 20:10:03",27.67,72.52,1013.88,39.75
"11/11/2025 20:10:33",27.7,73.11,1013.87,78.6
"11/11/2025 20:11:03",27.7,72.71,1013.89,78.75
"11/11/2025 20:11:33",27.7,72.6,1013.9,76.9
"11/11/2025 20:12:03",27.69,72.34,1013.97,75.65
"11/11/2025 20:12:33",27.7,72.77,1013.94,75.4
"11/11/2025 20:13:03",27.71,72.4,1013.94,75.4
"11/11/2025 20:13:33",27.78,72.81,1013.97,74.35
"11/11/2025 20:14:03",27.79,72.39,1013.93,75.35
"11/11/2025 20:14:33",27.79,72.18,1013.97,68.9
"11/11/2025 20:15:04",27.79,72.33,1013.93,76.1
"11/11/2025 20:15:34",27.8,72.55,1013.94,77.2
"11/11/2025 20:16:04",27.81,72.65,1013.96,76.5
"11/11/2025 20:16:34",27.81,72.59,1013.96,76.55
"11/11/2025 20:17:04",27.83,72.57,1013.98,75.85
"11/11/2025 20:17:34",27.84,72.71,1013.96,76.4
"11/11/2025 20:18:04",27.84,72.88,1013.96,76.45
"11/11/2025 20:18:34",27.84,72.64,1013.97,76.1
"11/11/2025 20:19:04",27.86,72.55,1013.97,75.9
"11/11/2025 20:19:34",27.87,72.41,1013.95,76.2
"11/11/2025 20:20:04",27.86,72.47,1013.96,76.25
"11/11/2025 20:20:34",27.87,72.49,1013.96,76.05
"11/11/2025 20:21:04",27.88,72.49,1013.98,65.1
"11/11/2025 20:21:34",27.87,72.43,1013.99,65.8
"11/11/2025 20:22:04",27.88,72.34,1013.97,66.05
"11/11/2025 20:22:34",27.9,72.46,1014,65.7
"11/11/2025 20:23:04",27.91,72.37,1013.99,65.95
"11/11/2025 20:23:34",27.91,72.41,1013.98,66.7
"11/11/2025 20:24:04",27.91,72.4,1014,65.7
"11/11/2025 20:24:34",27.92,72.33,1014.01,69.3
"11/11/2025 20:25:04",27.94,72.33,1014.02,69.8
"11/11/2025 20:25:34",27.94,72.28,1014.01,68.1
"11/11/2025 20:26:04",27.94,72.2,1014,68.4
"11/11/2025 20:26:34",27.94,72.54,1014.03,63.7
"11/11/2025 20:27:04",27.93,72.33,1014.02,63.45
"11/11/2025 20:27:34",27.95,72.51,1013.99,65.65
"11/11/2025 20:28:04",27.95,72.21,1014.03,52.55
"11/11/2025 20:28:34",27.95,72.16,1014.01,57.5
"11/11/2025 20:29:04",27.95,72.19,1013.98,57.1
"11/11/2025 20:29:34",27.94,72.17,1013.98,52.35
"11/11/2025 20:30:04",27.93,72.12,1014.05,52.4
"11/11/2025 21:38:50",28.07,71.36,1014.69,27.75
"11/11/2025 21:38:50",28.07,71.36,1014.69,27.75
"11/11/2025 21:39:20",28.08,71.26,1014.71,28.7
"11/11/2025 21:39:20",28.08,71.26,1014.71,28.7
"11/11/2025 21:39:20",28.08,71.26,1014.71,28.7
"11/11/2025 21:39:20",28.08,71.26,1014.71,28.7
"11/11/2025 21:39:50",28.08,71.32,1014.73,28.7
"11/11/2025 21:40:50",28.09,71.21,1014.72,29.35
"11/11/2025 21:41:20",28.07,71.15,1014.72,27.95
"11/11/2025 21:41:50",28.06,71.12,1014.72,29.15
"11/11/2025 21:42:20",28.08,71.25,1014.69,29
"11/11/2025 21:43:20",28.08,71.25,1014.69,28.45
"11/11/2025 21:43:50",28.07,71.22,1014.68,28.75
"11/11/2025 21:44:55",28.08,71.22,1014.68,28.35
"11/11/2025 21:45:25",28.08,71.29,1014.67,27.8
"11/11/2025 21:45:55",28.06,71.33,1014.66,28.75
"11/11/2025 21:46:25",28.05,71.24,1014.65,28.4
"11/11/2025 21:46:55",28.06,71.4,1014.67,27.85
"11/11/2025 21:48:38",28.05,71.25,1014.66,27.95
"11/11/2025 21:49:08",28.04,71.35,1014.58,28.55
"11/11/2025 21:49:38",28.04,71.33,1014.58,27.5
"11/11/2025 21:50:08",28.04,71.32,1014.59,27.95
"11/11/2025 21:50:38",28.02,71.19,1014.6,27.8
"11/11/2025 21:50:38",28.02,71.19,1014.6,27.8
"11/11/2025 21:51:08",28.01,71.22,1014.59,27.5
"11/11/2025 21:51:38",28.02,71.36,1014.62,27.55
"11/11/2025 21:52:08",28.01,71.16,1014.61,28.05
"11/11/2025 21:52:38",28,71.24,1014.57,27.05
"11/11/2025 21:53:08",28,70.94,1014.61,27.35
"11/11/2025 21:53:38",28,71.44,1014.6,27.5
"11/11/2025 21:54:08",28.01,71.12,1014.57,27
"11/11/2025 21:54:38",28,71.08,1014.59,27.15
"11/11/2025 21:55:08",28.01,71.16,1014.56,26.55
"11/11/2025 21:55:38",28.02,71.48,1014.58,24.45
"11/11/2025 21:56:08",28.01,71.14,1014.57,22.5
"11/11/2025 21:56:38",28.02,71.01,1014.6,22.8
"11/11/2025 21:57:08",28.04,71.14,1014.58,23.2
"11/11/2025 21:57:38",28.03,71.06,1014.6,22.7
"11/11/2025 21:58:08",28.04,71.13,1014.58,22.05
"11/11/2025 21:58:38",28.04,71.07,1014.59,22.75
"11/11/2025 21:59:08",28.05,71.05,1014.59,22.05
"11/11/2025 21:59:38",28.02,71.07,1014.59,22.05
"11/11/2025 22:00:38",28.02,70.99,1014.61,23.6
"11/11/2025 22:01:08",28.05,71.91,1014.63,24.45
"11/11/2025 22:01:38",28.09,71.45,1014.62,29.1
"11/11/2025 22:02:08",28.07,71.02,1014.64,31.15
"11/11/2025 22:02:38",28.08,71.01,1014.65,27.6
"11/11/2025 22:03:08",28.08,70.96,1014.68,27.95
"11/11/2025 22:03:38",28.08,70.91,1014.66,27.6
"11/11/2025 22:04:08",28.05,70.88,1014.67,27.95
"11/11/2025 22:04:38",28.06,71.09,1014.67,26.85
"11/11/2025 22:05:08",28.05,71.02,1014.68,27.85
"11/11/2025 22:05:38",28.06,71,1014.64,27.65
"11/11/2025 22:06:08",28.06,70.81,1014.64,27.55
"11/11/2025 22:06:38",28.05,70.88,1014.67,26.45
"11/11/2025 22:07:08",28.06,70.98,1014.63,28.45
"11/11/2025 22:07:38",28.06,71.09,1014.65,27.7
"11/11/2025 22:08:08",28.07,71.03,1014.63,27.55
"11/11/2025 22:08:38",28.07,70.87,1014.59,28.05
"11/11/2025 22:09:08",28.07,70.97,1014.62,26.45
"11/11/2025 22:09:38",28.08,71.31,1014.63,28.05
"11/11/2025 22:10:08",28.08,71.14,1014.62,26.9
"11/11/2025 22:10:38",28.1,71.57,1014.63,26.05
"11/11/2025 22:11:08",28.09,70.9,1014.6,26.2
"11/11/2025 22:11:38",28.1,71.27,1014.61,27.05
"11/11/2025 22:12:08",28.1,70.89,1014.62,27.45
"11/11/2025 22:12:38",28.09,71.52,1014.61,26.55
"11/11/2025 22:13:08",28.1,71.21,1014.66,26.55
"11/11/2025 22:13:38",28.12,71.41,1014.59,27.25
"11/11/2025 22:14:47",28.1,70.82,1014.61,26.5
"11/11/2025 22:15:17",28.09,70.83,1014.61,27.35
"11/11/2025 22:15:47",28.07,70.86,1014.65,26
"11/11/2025 22:16:17",28.09,70.98,1014.65,26.2
"11/11/2025 22:16:47",28.07,70.86,1014.62,26.65
"11/11/2025 22:17:17",28.08,70.86,1014.66,26.85
"11/11/2025 22:17:47",28.1,71,1014.65,25.85
"11/11/2025 22:18:17",28.09,70.9,1014.65,28.25
"11/11/2025 22:18:47",28.1,70.72,1014.67,26.25
"11/11/2025 22:19:17",28.09,70.86,1014.67,25.4
"11/11/2025 22:19:47",28.09,70.8,1014.67,27.85
"11/11/2025 22:20:17",28.09,70.75,1014.66,26.1
"11/11/2025 22:20:47",28.07,70.72,1014.69,27.25
"11/11/2025 22:21:17",28.04,70.87,1014.7,27
"11/11/2025 22:21:47",28.05,70.92,1014.67,26.25
"11/11/2025 22:22:17",28.04,70.74,1014.66,27.4
"11/11/2025 22:22:47",28.03,70.81,1014.65,26.45
"11/11/2025 22:23:17",28.01,70.76,1014.63,26.5
"11/11/2025 22:23:47",28.01,70.8,1014.65,26.25
"11/11/2025 22:24:17",28.01,70.86,1014.64,25.65
"11/11/2025 22:24:47",28.01,70.87,1014.64,25.85
"11/11/2025 22:25:17",28,70.86,1014.58,26.65
"11/11/2025 22:25:47",28.01,70.81,1014.61,23.65
"11/11/2025 22:26:18",28,70.77,1014.62,26.25
"11/11/2025 22:26:48",28,70.62,1014.6,26.7
"11/11/2025 22:27:18",28.01,70.76,1014.6,26
"11/11/2025 22:27:48",28.02,70.75,1014.65,25.25
"11/11/2025 22:28:18",28.02,70.82,1014.64,25.8
"11/11/2025 22:28:48",28.03,71.03,1014.62,24.4
"11/11/2025 22:29:18",28.05,70.84,1014.66,24.3
"11/11/2025 22:29:48",28.04,70.81,1014.67,24.3
"11/11/2025 22:30:18",28.06,70.84,1014.65,24.3
"11/11/2025 22:30:48",28.06,70.97,1014.61,27
"11/11/2025 22:30:48",28.06,70.97,1014.61,27
"11/11/2025 22:30:48",28.06,70.97,1014.61,27
"11/11/2025 22:30:48",28.06,70.97,1014.61,27
"11/11/2025 22:30:48",28.06,70.97,1014.61,27
"11/11/2025 22:31:18",28.06,70.72,1014.63,23.6
"11/11/2025 22:31:18",28.06,70.72,1014.63,23.6
"11/11/2025 22:31:48",28.08,70.94,1014.65,24.4
"11/11/2025 22:32:18",28.09,70.69,1014.62,25.3
"11/11/2025 22:33:19",28.09,70.65,1014.61,23.7
"11/11/2025 22:33:49",28.1,70.61,1014.6,24.05
"11/11/2025 22:34:19",28.12,70.9,1014.59,23.6
"11/11/2025 22:34:52",28.09,70.65,1014.58,24.4
"11/11/2025 22:35:10",28.09,70.6,1014.58,25.2
"11/11/2025 22:35:25",28.09,70.78,1014.59,23.4
"11/11/2025 22:35:40",28.09,70.73,1014.57,23.8
"11/11/2025 22:35:55",28.11,70.96,1014.57,23.8
"11/11/2025 22:36:10",28.12,71.46,1014.61,23.6
"11/11/2025 22:36:25",28.09,70.6,1014.58,24.9
"11/11/2025 22:36:40",28.11,70.85,1014.6,23.85
"11/11/2025 22:36:55",28.12,70.74,1014.62,23.35
"11/11/2025 22:37:10",28.11,70.69,1014.6,24.2
"11/11/2025 22:37:25",28.12,70.76,1014.6,23.65
"11/11/2025 22:37:40",28.12,70.75,1014.59,24.8
"11/11/2025 22:37:55",28.14,70.82,1014.61,24.1
"11/11/2025 22:38:10",28.14,70.73,1014.62,24.2
"11/11/2025 22:38:25",28.14,70.58,1014.6,22.95
"11/11/2025 22:38:40",28.11,70.48,1014.61,24.4
"11/11/2025 22:38:55",28.11,70.66,1014.56,23.6
"11/11/2025 22:39:10",28.12,70.77,1014.57,23.65
"11/11/2025 22:39:25",28.12,70.72,1014.56,23.05
"11/11/2025 22:39:40",28.12,70.66,1014.61,23.35
"11/11/2025 22:39:55",28.12,71.49,1014.6,23.4
"11/11/2025 22:40:10",28.12,70.7,1014.58,23.35
"11/11/2025 22:40:25",28.12,70.81,1014.57,23.25
"11/11/2025 22:40:40",28.13,70.94,1014.59,27.4
"11/11/2025 22:40:55",28.18,70.62,1014.56,56.1
"11/11/2025 22:41:10",28.2,70.73,1014.55,0
"11/11/2025 22:41:25",28.15,70.42,1014.54,0
"11/11/2025 22:41:40",28.14,70.68,1014.59,0
"11/11/2025 22:41:55",28.15,70.73,1014.57,0
"11/11/2025 22:42:10",28.14,70.46,1014.55,0
"11/11/2025 22:42:25",28.12,70.44,1014.56,0
"11/11/2025 22:42:40",28.13,70.72,1014.52,0
"11/11/2025 22:42:55",28.12,70.74,1014.54,0
"11/11/2025 22:43:10",28.11,70.56,1014.49,0
"11/11/2025 22:43:25",28.1,70.55,1014.53,0
"11/11/2025 22:43:40",28.1,70.71,1014.51,0
"11/11/2025 22:43:55",28.1,70.61,1014.53,0
"11/11/2025 22:44:10",28.11,70.75,1014.5,0
"11/11/2025 22:44:25",28.1,70.63,1014.5,0
"11/11/2025 22:44:40",28.1,70.7,1014.48,0
"11/11/2025 22:44:55",28.11,70.75,1014.47,0
"11/11/2025 22:45:10",28.14,71.15,1014.52,0
"11/11/2025 22:45:25",28.14,70.85,1014.49,0
"11/11/2025 22:45:40",28.14,70.86,1014.49,0
"11/11/2025 22:45:55",28.15,70.74,1014.48,0.25
"11/11/2025 22:46:10",28.15,70.69,1014.5,93.15
"11/11/2025 22:46:25",28.16,70.72,1014.48,3.35
"11/11/2025 22:46:40",28.16,70.8,1014.48,93.95
"11/11/2025 22:46:55",28.13,70.54,1014.48,94.1
"11/11/2025 22:47:10",28.14,70.67,1014.45,94.8
"11/11/2025 22:47:25",28.13,70.52,1014.48,94.05
"11/11/2025 22:47:40",28.11,70.54,1014.44,94.6
"11/11/2025 22:47:55",28.12,70.6,1014.47,100
"11/11/2025 22:48:10",28.11,70.51,1014.46,94
"11/11/2025 22:48:25",28.12,70.58,1014.46,94.15
"11/11/2025 22:48:40",28.11,70.59,1014.42,93.7
"11/11/2025 22:48:55",28.11,70.56,1014.43,94.8
"11/11/2025 22:49:10",28.11,70.59,1014.42,95.05
"11/11/2025 22:49:25",28.12,70.58,1014.45,93.7
"11/11/2025 22:49:40",28.11,70.73,1014.43,93.95
"11/11/2025 22:49:55",28.11,70.6,1014.43,94.5
"11/11/2025 22:50:10",28.11,70.65,1014.43,94.1
"11/11/2025 22:50:25",28.12,70.82,1014.43,93.9
"11/11/2025 22:50:40",28.12,70.74,1014.42,94.05
"11/11/2025 22:50:55",28.13,70.72,1014.42,94.2
"11/11/2025 22:51:10",28.13,70.72,1014.46,92.85
"11/11/2025 22:51:25",28.14,70.95,1014.44,94.35
"11/11/2025 22:51:40",28.13,71.32,1014.46,94
"11/11/2025 22:51:55",28.14,70.99,1014.44,94.05
"11/11/2025 22:52:10",28.16,70.91,1014.46,93.8
"11/11/2025 22:52:25",28.14,70.72,1014.49,93.7
"11/11/2025 22:52:40",28.14,70.58,1014.44,93.95
"11/11/2025 22:52:55",28.15,70.69,1014.49,93.8
"11/11/2025 22:53:10",28.16,70.99,1014.49,94
"11/11/2025 22:53:25",28.15,70.62,1014.49,94
"11/11/2025 22:53:40",28.16,70.83,1014.48,94
"11/11/2025 22:53:55",28.17,70.76,1014.47,93.65
"11/11/2025 22:54:10",28.16,70.88,1014.48,94.05
"11/11/2025 22:54:25",28.15,70.52,1014.47,93.4
"11/11/2025 22:54:40",28.14,70.53,1014.48,93.9
"11/11/2025 22:54:55",28.13,70.47,1014.46,93.9
"11/11/2025 22:55:10",28.12,70.5,1014.47,93.95
"11/11/2025 22:55:25",28.13,70.72,1014.45,93.9
"11/11/2025 22:55:40",28.13,70.57,1014.45,93.75
"11/11/2025 22:55:55",28.13,70.71,1014.44,93.6
"11/11/2025 22:56:10",28.13,70.67,1014.45,93.95
"11/11/2025 22:56:25",28.15,70.95,1014.46,93.9
"11/11/2025 22:56:40",28.16,70.83,1014.46,93.65
"11/11/2025 22:56:55",28.16,70.7,1014.46,93.45
"11/11/2025 22:57:10",28.16,70.56,1014.46,93.9
"11/11/2025 22:57:25",28.15,70.6,1014.45,93.8
"11/11/2025 22:57:40",28.14,70.43,1014.46,93.4
"11/11/2025 22:57:55",28.11,70.45,1014.42,93.8
"11/11/2025 22:58:10",28.11,70.52,1014.45,92.85
"11/11/2025 22:58:25",28.11,70.6,1014.44,93.7
"11/11/2025 22:58:40",28.12,70.7,1014.45,93.7
"11/11/2025 22:58:55",28.13,70.73,1014.43,88.6
"11/11/2025 22:59:10",28.15,70.71,1014.5,94.3
"11/11/2025 22:59:25",28.14,70.6,1014.44,93.75
"11/11/2025 22:59:40",28.16,70.88,1014.46,89.65
"11/11/2025 22:59:55",28.16,70.66,1014.47,93.65
"11/11/2025 23:00:10",28.15,70.58,1014.45,93.65
"11/11/2025 23:00:25",28.16,70.77,1014.44,93.85
"11/11/2025 23:00:40",28.16,70.52,1014.44,93.25
"11/11/2025 23:00:55",28.16,70.49,1014.46,93.75
"11/11/2025 23:01:10",28.14,70.5,1014.44,93.25
"11/11/2025 23:01:25",28.14,70.48,1014.41,93.4
"11/11/2025 23:01:40",28.14,70.51,1014.44,93.8
"11/11/2025 23:01:55",28.13,70.52,1014.4,93.45
"11/11/2025 23:02:10",28.13,70.53,1014.4,93.3
"11/11/2025 23:02:25",28.14,70.66,1014.41,93.65
"11/11/2025 23:02:40",28.15,70.67,1014.44,93.4
"11/11/2025 23:02:55",28.15,70.85,1014.43,93.6
"11/11/2025 23:03:10",28.16,70.72,1014.42,94.05
"11/11/2025 23:03:25",28.16,70.62,1014.41,93.1
"11/11/2025 23:03:40",28.16,71.15,1014.41,93.4
"11/11/2025 23:03:55",28.17,70.83,1014.39,93.3
"11/11/2025 23:04:10",28.17,70.55,1014.41,93.75
"11/11/2025 23:04:25",28.16,70.54,1014.41,93.2
"11/11/2025 23:04:40",28.17,70.61,1014.38,93.5
"11/11/2025 23:04:55",28.16,70.47,1014.4,93.2
"11/11/2025 23:05:10",28.16,70.43,1014.39,93.4
"11/11/2025 23:05:25",28.16,70.57,1014.38,93.35
"11/11/2025 23:05:40",28.16,70.41,1014.38,93.3
"11/11/2025 23:05:55",28.16,70.48,1014.38,93.65
"11/11/2025 23:06:10",28.16,70.54,1014.37,93.9
"11/11/2025 23:06:25",28.16,70.43,1014.37,93.45
"11/11/2025 23:06:40",28.15,70.81,1014.4,93.4
"11/11/2025 23:06:55",28.16,70.68,1014.38,93.5
"11/11/2025 23:07:10",28.16,70.68,1014.4,92.95
"11/11/2025 23:07:25",28.16,70.87,1014.36,94.5
"11/11/2025 23:07:40",28.16,70.48,1014.36,94
"11/11/2025 23:07:55",28.16,70.49,1014.37,94.05
"11/11/2025 23:08:10",28.16,70.48,1014.38,93.1
"11/11/2025 23:08:25",28.15,70.56,1014.38,93.45
"11/11/2025 23:08:40",28.15,70.47,1014.35,93.1
"11/11/2025 23:08:55",28.15,70.71,1014.38,93.2
"11/11/2025 23:09:10",28.15,70.67,1014.34,93.3
"11/11/2025 23:09:25",28.15,70.64,1014.36,93.2
"11/11/2025 23:09:40",28.16,70.52,1014.38,93.7
"11/11/2025 23:09:55",28.15,70.54,1014.38,93.05
"11/11/2025 23:10:10",28.15,70.5,1014.33,93
"11/11/2025 23:10:25",28.16,70.52,1014.37,93.2
"11/11/2025 23:10:40",28.16,70.53,1014.34,93.05
"11/11/2025 23:10:55",28.17,70.85,1014.37,93.2
"11/11/2025 23:11:10",28.17,71.14,1014.33,93.1
"11/11/2025 23:11:25",28.17,70.65,1014.34,95.9
"11/11/2025 23:11:40",28.17,70.8,1014.3,30.55
"11/11/2025 23:11:55",28.17,70.61,1014.32,28.2
"11/11/2025 23:12:10",28.17,70.49,1014.34,27.8
"11/11/2025 23:12:25",28.17,70.46,1014.34,26.95
"11/11/2025 23:12:40",28.17,70.6,1014.33,26.9
"11/11/2025 23:12:55",28.18,70.52,1014.35,26.85
"11/11/2025 23:13:10",28.18,70.48,1014.33,26.15
"11/11/2025 23:13:25",28.18,70.84,1014.35,25.95
"11/11/2025 23:13:40",28.16,70.4,1014.33,26.5
"11/11/2025 23:13:55",28.17,70.41,1014.31,26.7
"11/11/2025 23:14:10",28.17,70.61,1014.33,26.15
"11/11/2025 23:14:25",28.17,70.48,1014.34,25.7
"11/11/2025 23:14:40",28.17,70.42,1014.34,26.05
"11/11/2025 23:14:55",28.17,70.43,1014.32,26
"11/11/2025 23:15:10",28.18,70.42,1014.38,26
"11/11/2025 23:15:25",28.17,70.35,1014.3,50
"11/11/2025 23:15:40",28.18,70.62,1014.28,28.55
"11/11/2025 23:15:55",28.19,70.7,1014.31,28.65
"11/11/2025 23:16:10",28.18,70.46,1014.31,29
"11/11/2025 23:16:25",28.17,70.41,1014.33,27.35
"11/11/2025 23:16:40",28.18,70.55,1014.32,28.45
"11/11/2025 23:16:55",28.19,70.59,1014.31,27.75
"11/11/2025 23:17:10",28.18,70.39,1014.31,27.8
"11/11/2025 23:17:25",28.18,70.52,1014.3,27.75
"11/11/2025 23:17:40",28.19,70.81,1014.32,28.1
"11/11/2025 23:17:55",28.19,70.52,1014.3,28.15
"11/11/2025 23:18:10",28.2,70.57,1014.3,27.4
"11/11/2025 23:18:25",28.2,70.43,1014.29,28.1
"11/11/2025 23:18:40",28.2,70.45,1014.32,28.3
"11/11/2025 23:18:55",28.2,70.53,1014.34,27.6
"11/11/2025 23:19:10",28.2,70.39,1014.33,26.7
"11/11/2025 23:19:25",28.2,70.78,1014.34,27.75
"11/11/2025 23:19:40",28.22,70.44,1014.29,27.85
"11/11/2025 23:19:55",28.22,70.4,1014.29,27.85
"11/11/2025 23:20:10",28.22,70.46,1014.36,27
"11/11/2025 23:20:25",28.22,70.52,1014.33,28.1
"11/11/2025 23:20:40",28.22,70.34,1014.31,29.35
"11/11/2025 23:20:55",28.23,70.47,1014.31,27.6
"11/11/2025 23:21:10",28.23,70.48,1014.32,27.6
"11/11/2025 23:21:25",28.23,70.43,1014.35,27.6
"11/11/2025 23:21:40",28.23,70.42,1014.33,28.25
"11/11/2025 23:21:55",28.24,70.38,1014.35,27.6
"11/11/2025 23:22:10",28.23,70.54,1014.34,27.35
"11/11/2025 23:22:25",28.22,70.22,1014.34,27.5
"11/11/2025 23:22:40",28.22,70.2,1014.34,27.85
"11/11/2025 23:22:55",28.21,70.16,1014.36,27.75
"11/11/2025 23:23:10",28.21,70.23,1014.36,27.8
"11/11/2025 23:23:25",28.22,70.34,1014.34,27.7
"11/11/2025 23:23:40",28.21,70.27,1014.34,27.55
"11/11/2025 23:23:55",28.21,70.29,1014.32,27.8
"11/11/2025 23:24:10",28.21,70.41,1014.34,27.75
"11/11/2025 23:24:25",28.21,70.37,1014.32,27.6
"11/11/2025 23:24:40",28.19,70.33,1014.31,28.4
"11/11/2025 23:24:55",28.19,70.39,1014.33,27.95
"11/11/2025 23:25:10",28.19,70.45,1014.32,27.6
"11/11/2025 23:25:25",28.19,70.38,1014.32,23.65
"11/11/2025 23:25:40",28.19,70.37,1014.29,27.65
"11/11/2025 23:25:55",28.19,70.4,1014.3,27.6
"11/11/2025 23:26:10",28.21,70.58,1014.28,27.4
"11/11/2025 23:26:57",28.19,70.28,1014.25,28.25
"11/11/2025 23:27:12",28.19,70.34,1014.3,27.6
"11/11/2025 23:27:27",28.19,70.44,1014.3,28.55
"11/11/2025 23:27:42",28.18,70.37,1014.28,28.2
"11/11/2025 23:27:57",28.17,70.35,1014.29,27.6
"11/11/2025 23:28:12",28.18,70.34,1014.3,27.95
"11/11/2025 23:28:27",28.18,70.44,1014.31,28.25
"11/11/2025 23:28:42",28.17,70.38,1014.29,27.9
"11/11/2025 23:28:57",28.19,70.54,1014.28,28.85
"11/11/2025 23:29:12",28.18,70.38,1014.29,26.95
"11/11/2025 23:29:27",28.19,70.5,1014.31,28.35
"11/11/2025 23:29:42",28.2,70.63,1014.29,26.45
"11/11/2025 23:29:57",28.19,70.39,1014.29,27.75
"11/11/2025 23:30:12",28.2,70.62,1014.31,27.9
"11/11/2025 23:30:27",28.2,70.39,1014.27,27.6
"11/11/2025 23:30:42",28.21,70.43,1014.28,27.6
"11/11/2025 23:30:57",28.2,70.35,1014.28,27.85
"11/11/2025 23:31:12",28.21,70.45,1014.28,28.4
"11/11/2025 23:31:27",28.2,70.37,1014.26,27.6
"11/11/2025 23:31:42",28.2,70.46,1014.26,27.35
"11/11/2025 23:31:57",28.2,70.45,1014.23,27.3
"11/11/2025 23:32:12",28.21,70.59,1014.27,27.85
"11/11/2025 23:32:27",28.21,70.42,1014.24,27.6
"11/11/2025 23:32:42",28.21,70.35,1014.23,27.45
"11/11/2025 23:32:57",28.21,70.27,1014.26,27.95
"11/11/2025 23:33:12",28.22,70.28,1014.25,28.25
"11/11/2025 23:33:27",28.21,70.27,1014.25,31.8
"11/11/2025 23:33:42",28.2,70.33,1014.25,27.6
"11/11/2025 23:33:57",28.21,70.47,1014.26,26.05
"11/11/2025 23:34:12",28.21,70.33,1014.26,28.3
"11/11/2025 23:34:27",28.21,70.32,1014.28,28.25
"11/11/2025 23:34:42",28.21,70.46,1014.24,27.85
"11/11/2025 23:34:57",28.21,70.28,1014.27,27.6
"11/11/2025 23:35:12",28.21,70.31,1014.28,26.45
"11/11/2025 23:35:27",28.2,70.29,1014.27,27.5
"11/11/2025 23:35:42",28.2,70.45,1014.25,27.5
"11/11/2025 23:35:57",28.19,70.25,1014.25,27.5
"11/11/2025 23:36:12",28.18,70.28,1014.27,27.6
"11/11/2025 23:36:27",28.17,70.27,1014.26,28.3
"11/11/2025 23:36:42",28.17,70.38,1014.25,27.4
"11/11/2025 23:36:57",28.18,70.4,1014.22,27.4
"11/11/2025 23:37:12",28.19,70.39,1014.25,29.05
"11/11/2025 23:37:27",28.18,70.27,1014.26,27.4
"11/11/2025 23:37:42",28.17,70.4,1014.25,26.8
"11/11/2025 23:37:57",28.17,70.36,1014.27,28.05
"11/11/2025 23:38:12",28.17,70.57,1014.24,27.7
"11/11/2025 23:38:27",28.19,70.6,1014.24,27.05
"11/11/2025 23:38:42",28.19,70.55,1014.26,27.55
"11/11/2025 23:38:57",28.2,70.49,1014.22,27.6
"11/11/2025 23:39:12",28.2,70.37,1014.24,26.3
"11/11/2025 23:39:27",28.21,70.42,1014.28,27.7
"11/11/2025 23:39:42",28.21,70.51,1014.25,27.5
"11/11/2025 23:39:57",28.2,70.3,1014.24,27.6
"11/11/2025 23:40:12",28.2,70.29,1014.25,27.65
"11/11/2025 23:40:27",28.19,70.3,1014.29,27
"11/11/2025 23:40:42",28.2,70.65,1014.28,27.45
"11/11/2025 23:40:57",28.2,70.34,1014.29,27.4
"11/11/2025 23:41:12",28.2,70.59,1014.27,27.3
"11/11/2025 23:41:57",28.21,70.64,1014.3,27.6
"11/11/2025 23:42:12",28.19,70.36,1014.29,27.15
"11/11/2025 23:42:27",28.19,70.53,1014.26,26.45
"11/11/2025 23:42:42",28.19,70.53,1014.29,27.6
"11/11/2025 23:42:57",28.18,70.47,1014.26,27.4
"11/11/2025 23:43:12",28.18,70.49,1014.28,26.8
"11/11/2025 23:43:27",28.19,70.82,1014.24,26.95
"11/11/2025 23:43:42",28.19,70.4,1014.29,27.5
"11/11/2025 23:43:57",28.18,70.4,1014.29,24.4
"11/11/2025 23:44:12",28.18,70.44,1014.25,27.75
"11/11/2025 23:44:27",28.18,70.45,1014.27,27.25
"11/11/2025 23:44:42",28.19,70.59,1014.27,27
"11/11/2025 23:44:57",28.2,70.51,1014.26,27.3
"11/11/2025 23:45:12",28.2,70.36,1014.26,27.5
"11/11/2025 23:45:27",28.2,70.28,1014.28,28.4
"11/11/2025 23:45:42",28.21,70.27,1014.26,27.45
"11/11/2025 23:45:57",28.2,70.66,1014.25,27.3
"11/11/2025 23:46:12",28.21,70.53,1014.27,26.85
"11/11/2025 23:46:27",28.22,70.48,1014.29,28.05
"11/11/2025 23:46:42",28.22,70.5,1014.25,27.05
"11/11/2025 23:47:57",28.22,70.23,1014.28,27
"11/11/2025 23:48:12",28.23,70.23,1014.32,27
"11/11/2025 23:48:27",28.21,70.22,1014.3,28.45
"11/11/2025 23:48:42",28.2,70.25,1014.31,27
"11/11/2025 23:48:57",28.21,70.28,1014.28,27.6
"11/11/2025 23:49:12",28.21,70.26,1014.28,27.95
"11/11/2025 23:49:27",28.22,70.43,1014.28,28.45
"11/11/2025 23:49:42",28.21,70.35,1014.3,28.6
"11/11/2025 23:49:57",28.22,70.4,1014.27,27.35
"11/11/2025 23:50:12",28.21,70.37,1014.28,27.3
"11/11/2025 23:50:59",28.23,70.56,1014.21,26.9
"11/11/2025 23:51:45",28.22,70.25,1014.24,27.6
"11/11/2025 23:52:00",28.22,70.49,1014.2,27.1
"11/11/2025 23:52:15",28.22,70.5,1014.21,27.55
"11/11/2025 23:52:30",28.2,70.26,1014.21,27.05
"11/11/2025 23:52:45",28.2,70.29,1014.19,26.2
"11/11/2025 23:53:00",28.21,70.32,1014.19,27.55
"11/11/2025 23:53:15",28.21,70.29,1014.15,26.75
"11/11/2025 23:53:30",28.22,70.36,1014.14,26.95
"11/11/2025 23:53:45",28.22,70.41,1014.15,27.45
"11/11/2025 23:54:41",28.22,70.3,1014.12,27.15
"11/11/2025 23:55:11",28.22,70.38,1014.14,27
"11/11/2025 23:55:26",28.23,70.36,1014.11,27.15
"11/11/2025 23:55:41",28.22,70.37,1014.13,27.3
"11/11/2025 23:55:56",28.22,70.42,1014.06,27.4
"11/11/2025 23:56:11",28.22,70.22,1014.08,26.6
"11/11/2025 23:56:26",28.22,70.25,1014.1,26.9
"11/11/2025 23:56:41",28.23,70.34,1014.03,27
"11/11/2025 23:56:56",28.23,70.18,1014.08,27.15
"11/11/2025 23:57:11",28.23,70.34,1014.09,26.75
"11/11/2025 23:57:26",28.23,70.3,1014.08,27.1
"11/11/2025 23:57:41",28.22,70.25,1014.08,26.35
"11/11/2025 23:57:56",28.23,70.49,1014.1,27.45
"11/11/2025 23:58:11",28.23,70.27,1014.1,26.8
"11/11/2025 23:58:26",28.23,70.49,1014.1,25.7
"11/11/2025 23:58:41",28.22,70.2,1014.13,27.25
"11/11/2025 23:58:56",28.21,70.23,1014.1,25.8
"11/11/2025 23:59:11",28.22,71.43,1014.11,26.8
"11/11/2025 23:59:26",28.23,70.53,1014.15,26.6
"11/11/2025 23:59:41",28.22,70.2,1014.15,26.8
"11/11/2025 23:59:56",28.24,70.35,1014.15,27.55
"11/12/2025 00:00:11",28.23,70.18,1014.14,26
"11/12/2025 00:00:26",28.23,70.18,1014.16,26.8
"11/12/2025 00:00:41",28.23,70.26,1014.16,26.75
"11/12/2025 00:00:56",28.25,70.7,1014.15,26.45
"11/12/2025 00:01:11",28.24,70.54,1014.16,26.65
"11/12/2025 00:01:26",28.23,70.21,1014.16,26
"11/12/2025 00:01:41",28.24,70.19,1014.16,26.7
"11/12/2025 00:01:56",28.26,70.47,1014.18,27.35
"11/12/2025 00:02:11",28.26,70.23,1014.19,26.45
"11/12/2025 00:02:26",28.25,70.21,1014.2,25.2
"11/12/2025 00:02:41",28.23,70.08,1014.16,26.65
"11/12/2025 00:02:56",28.22,70.27,1014.15,26.65
"11/12/2025 00:03:11",28.22,70.21,1014.2,27.05
"11/12/2025 00:03:26",28.23,70.38,1014.19,27.4
"11/12/2025 00:03:41",28.23,70.38,1014.19,26.45
"11/12/2025 00:03:56",28.23,70.27,1014.2,26.1
"11/12/2025 00:04:11",28.22,70.14,1014.2,26.75
"11/12/2025 00:04:26",28.21,70.18,1014.22,26.45
"11/12/2025 00:04:41",28.21,70.15,1014.19,27.05
"11/12/2025 00:04:56",28.22,70.33,1014.16,25.85
"11/12/2025 00:05:11",28.22,70.23,1014.19,26.1
"11/12/2025 00:05:26",28.23,70.2,1014.19,26.5
"11/12/2025 00:05:41",28.22,70.13,1014.19,27.55
"11/12/2025 00:05:56",28.2,70.1,1014.23,26.25
"11/12/2025 00:06:11",28.21,70.42,1014.19,26.1
"11/12/2025 00:06:26",28.21,70.21,1014.21,26.85
"11/12/2025 00:06:41",28.21,70.23,1014.2,27.05
"11/12/2025 00:06:56",28.2,70.2,1014.18,28.35
"11/12/2025 00:07:11",28.22,70.5,1014.2,25.45
"11/12/2025 00:07:26",28.21,70.21,1014.2,27.3
"11/12/2025 00:07:41",28.22,70.31,1014.18,27.15
"11/12/2025 00:07:56",28.2,70.24,1014.23,25.55
"11/12/2025 00:08:11",28.2,70.32,1014.21,27.15
"11/12/2025 00:08:26",28.21,70.41,1014.21,26.9
"11/12/2025 00:11:56",28.22,70.19,1014.16,26.05
"11/12/2025 09:02:48",25.44,56.54,1016.43,54.8
"11/12/2025 09:03:03",25.5,56.36,1016.43,54.8
"11/12/2025 09:03:19",25.54,56.04,1016.4,54.05
"11/12/2025 09:03:34",25.58,55.82,1016.41,54.6
"11/12/2025 09:03:49",25.61,55.89,1016.41,54.75
"11/12/2025 09:04:04",25.63,55.68,1016.43,55.25
"11/12/2025 09:04:19",25.64,55.26,1016.4,54.7
"11/12/2025 09:04:34",25.65,55.27,1016.4,54.8
"11/12/2025 09:04:49",25.67,55.09,1016.38,54.7
"11/12/2025 09:05:04",25.69,55.52,1016.35,54.85
"11/12/2025 09:05:19",25.72,55.49,1016.4,54.7
"11/12/2025 09:05:34",25.73,55.42,1016.39,54.6
"11/12/2025 09:05:49",25.73,55.26,1016.39,54.1
"11/12/2025 10:08:34",26.38,52.44,1015.76,45.85
"11/12/2025 10:08:49",26.37,52.69,1015.73,46.8
"11/12/2025 10:09:04",26.36,52.26,1015.68,46.35
"11/12/2025 10:09:19",26.42,52.72,1015.72,46.3
"11/12/2025 10:09:34",26.43,52.63,1015.75,46.6
"11/12/2025 10:09:49",26.44,52.83,1015.72,46.8